{
  "train_loss": [
    0.639459047784177,
    0.4816390154666679,
    0.379416843659656,
    0.2611250047709129,
    0.22960240489175154,
    0.21470544123372368,
    0.20011860900378042,
    0.17702943308986435,
    0.14984678042431673,
    0.17518173158168793,
    0.15701143837772136,
    0.12869568219653857,
    0.11925809365487838,
    0.10992009023045615,
    0.1119719129272325,
    0.10934249533325896,
    0.11037687658397265,
    0.10847056787749824,
    0.09363433692690938,
    0.08621558955285785,
    0.08481412647967046,
    0.08347625781099724,
    0.06450288378554143,
    0.05835937655011062,
    0.05118337228565744,
    0.053482149072467934,
    0.047745365033994694,
    0.047029498807748406,
    0.038619423545933104,
    0.03344008801847898
  ],
  "val_loss": [
    0.627324076312961,
    0.4017495675520463,
    0.2666049351294835,
    0.2103725238279863,
    0.23134349263978726,
    0.21207094023173506,
    0.22656996096625473,
    0.2147958759557117,
    0.19641758851481206,
    0.18493294038555838,
    0.14900921081954782,
    0.18178210875978976,
    0.15877738188613544,
    0.17966765944253316,
    0.17179250576053606,
    0.1418193018797672,
    0.1516594664955681,
    0.1545939753678712,
    0.15932793339545076,
    0.14987045464416346,
    0.15286621493710714,
    0.15603304422940267,
    0.1652344475980058,
    0.1506675764156336,
    0.21232793118212034,
    0.15631535319103437,
    0.1526726842716788,
    0.1817502471420801,
    0.16644452258267187,
    0.20169469441823434
  ],
  "val_acc": [
    0.8197674418604651,
    0.8701550387596899,
    0.9060077519379846,
    0.8982558139534884,
    0.9147286821705426,
    0.9186046511627907,
    0.9098837209302325,
    0.9060077519379846,
    0.9176356589147286,
    0.9176356589147286,
    0.935077519379845,
    0.9302325581395349,
    0.937015503875969,
    0.9234496124031008,
    0.9447674418604651,
    0.937015503875969,
    0.9331395348837209,
    0.9341085271317829,
    0.9408914728682171,
    0.939922480620155,
    0.9302325581395349,
    0.9418604651162791,
    0.938953488372093,
    0.9496124031007752,
    0.9302325581395349,
    0.937984496124031,
    0.9457364341085271,
    0.938953488372093,
    0.9467054263565892,
    0.9467054263565892
  ]
}