{
  "train_loss": [
    0.6974445832297457,
    0.6939156147767398,
    0.6934523323569635,
    0.6932604224593552,
    0.6932466610112175,
    0.6933692109705222,
    0.6932731316948579,
    0.6932289698709944,
    0.6931771750401969,
    0.6931950969728156,
    0.6932081933374759,
    0.6931429433100151,
    0.693195863805636,
    0.6931451715604223,
    0.6931441653055775,
    0.6931076846540175,
    0.6931202178852325,
    0.6931168158046325,
    0.6930361277727969,
    0.6930792279516407,
    0.6930600194015888,
    0.6930606102301216,
    0.6931453529833141,
    0.6930129142722699,
    0.6929520958601826,
    0.6928209337321195,
    0.6928191742913089,
    0.6928109964136323,
    0.6927301283637282,
    0.6924219029118316
  ],
  "val_loss": [
    0.69308473666509,
    0.6931285993258158,
    0.6931292963027954,
    0.6931115889549255,
    0.6930476101239522,
    0.6931990790367126,
    0.6931451018651327,
    0.6931449524561564,
    0.6931392590204875,
    0.6931372181574503,
    0.6931337626775106,
    0.6930506714185078,
    0.6931038856506347,
    0.6930632853507995,
    0.693069981733958,
    0.6930475052197774,
    0.6930249834060669,
    0.6930387473106384,
    0.6930152773857117,
    0.6930209104220072,
    0.6930613183975219,
    0.6931253083546957,
    0.6931008013089498,
    0.6931154680252075,
    0.693138325214386,
    0.6932065590222677,
    0.6933258469899496,
    0.6932755494117737,
    0.6934649101893107,
    0.6944181656837464
  ],
  "val_acc": [
    0.502104377104377,
    0.49957912457912457,
    0.5063131313131313,
    0.5,
    0.5042087542087542,
    0.5,
    0.5,
    0.5,
    0.5,
    0.5,
    0.5,
    0.5,
    0.5054713804713805,
    0.5058922558922558,
    0.5054713804713805,
    0.5109427609427609,
    0.5122053872053872,
    0.5058922558922558,
    0.5109427609427609,
    0.5067340067340067,
    0.5063131313131313,
    0.5016835016835017,
    0.5075757575757576,
    0.5033670033670034,
    0.5042087542087542,
    0.5042087542087542,
    0.5071548821548821,
    0.5071548821548821,
    0.5025252525252525,
    0.49915824915824913
  ]
}