{
  "train_loss": [
    1.8927867793927122,
    1.5857718372235228,
    1.4019371009805808,
    1.248502692089805,
    1.1155066868789725,
    1.0039850879799237,
    0.907442357789798,
    0.8192033133243389,
    0.7420936664448509,
    0.6736762166469089,
    0.6084518513553299,
    0.5465345549363947,
    0.4963444037013553,
    0.44984130058930577,
    0.40688457141948653,
    0.37129755198989833,
    0.33768167383583014,
    0.22648013279836526,
    0.18808397135222535,
    0.1684064653490952,
    0.15284333219033666,
    0.13764501429163992,
    0.13219997821369298,
    0.08948390614520008,
    0.07902164916884073,
    0.07672355747599502,
    0.06683850367001598,
    0.062156616962783816,
    0.05734505810184346,
    0.04845276833147505
  ],
  "val_loss": [
    1.6556596351326058,
    1.5275996261780416,
    1.3038945009402179,
    1.1533442090410706,
    1.120212325535783,
    1.0423323451925854,
    0.8919025565232706,
    0.8641504300843685,
    0.828685090082501,
    0.8690187326811869,
    0.7384103394429619,
    0.7656813721864595,
    0.7865936890107776,
    0.7438147248478111,
    0.7622518629655926,
    0.7738039839431781,
    0.757088469050893,
    0.7784391761236235,
    0.8321291653934969,
    0.8506892688504053,
    0.8564137715265292,
    0.833525564692436,
    0.8746299689652723,
    0.8851632436207675,
    0.9149275154148767,
    0.920413875251735,
    0.9324013810912404,
    0.9537504585374386,
    0.9641672470564142,
    0.9719099057923763
  ],
  "val_acc": [
    0.3724276874370413,
    0.43574615052525545,
    0.5141747013958843,
    0.5800834652467981,
    0.5992229097711901,
    0.6232551446251259,
    0.6776514606418189,
    0.6972226219599943,
    0.7067203914232264,
    0.7036983738667434,
    0.7452870916678659,
    0.7411138293279609,
    0.7431285076989494,
    0.7493164484098431,
    0.7540653331414592,
    0.7552165779248813,
    0.7647143473881134,
    0.7710461936969348,
    0.7678802705425241,
    0.7628435746150525,
    0.7687437041300906,
    0.7740682112534177,
    0.7698949489135127,
    0.7791049071808893,
    0.7783853791912505,
    0.7772341344078285,
    0.7796805295726004,
    0.7802561519643114,
    0.7822708303353001,
    0.7832781695207943
  ]
}